n,q,signer_count,rounds,key_extract_ms_mean,key_extract_ms_std,partial_sign_ms_mean,partial_sign_ms_std,aggregate_ms_mean,aggregate_ms_std,verify_ms_mean,verify_ms_std,verify_success_rate,signature_size_bytes
107,2048,2,20,9.281861,15.878569,6.307188,16.189931,0.345541,0.417943,18.085835,3.658755,1.0000,466
107,2048,4,20,7.906799,10.624847,3.683537,0.790741,0.526605,0.443573,42.770019,31.599761,1.0000,504
107,2048,8,20,7.510775,8.999412,4.424336,6.844123,0.700524,0.309455,71.751687,35.830977,1.0000,580
107,2048,16,20,7.926571,9.261769,4.433751,7.896783,1.065184,0.378562,141.046734,46.462968,1.0000,732
167,2048,8,20,19.774507,13.965047,11.997517,13.970520,0.801594,0.376634,185.292001,48.720899,1.0000,820
251,2048,8,20,46.961453,28.022773,28.792978,26.368568,1.433454,0.618565,398.150685,57.477230,1.0000,1156
